PhongBan,mean,max,min,median,std,count,sum
HR,14719315.482142856,19954274,9059844,14967981.5,3307393.024314955,112,1648563334
IT,21293718.93846154,29706486,12012475,21610435.5,4925497.650834637,130,2768183462
Ke toan,16106174.346938776,21976154,10191658,15653386.0,3593407.8273186474,147,2367607629
Marketing,18224133.38970588,24958863,11167089,18337929.5,4057918.9243628485,136,2478482141
